排名,名称,评分,评分人数,导演,主演,国家,类型,经典台词
1,肖申克的救赎,9.7,3225560人,弗兰克·德拉邦特 Frank Darabont,蒂姆·罗宾斯 Tim Robbins,美国,犯罪 剧情,希望让人自由。
2,霸王别姬,9.6,2380865人,陈凯歌 Kaige Chen,张国荣 Leslie Cheung,中国大陆 中国香港,剧情 爱情 同性,风华绝代。
3,泰坦尼克号,9.5,2449968人,詹姆斯·卡梅隆 James Cameron,莱昂纳多·迪卡普里奥 Leonardo...,美国 墨西哥,剧情 爱情 灾难,失去的才是永恒的。
4,阿甘正传,9.5,2391089人,罗伯特·泽米吉斯 Robert Zemeckis,汤姆·汉克斯 Tom Hanks,美国,剧情 爱情,一部美国近现代史。
5,千与千寻,9.4,2490627人,宫崎骏 Hayao Miyazaki,柊瑠美 Rumi Hîragi,日本,剧情 动画 奇幻,最好的宫崎骏，最好的久石让。
6,美丽人生,9.5,1457629人,罗伯托·贝尼尼 Roberto Benigni,罗伯托·贝尼尼 Roberto Beni...,意大利,剧情 喜剧 爱情 战争,最美的谎言。
7,星际穿越,9.4,2129736人,克里斯托弗·诺兰 Christopher Nolan,马修·麦康纳 Matthew Mc...,美国 英国 加拿大,剧情 科幻 冒险,爱是一种力量，让我们超越时空感知它的存在。
8,这个杀手不太冷,9.4,2515416人,吕克·贝松 Luc Besson,让·雷诺 Jean Reno,法国 美国,剧情 动作 犯罪,怪蜀黍和小萝莉不得不说的故事。
9,盗梦空间,9.4,2285933人,克里斯托弗·诺兰 Christopher Nolan,莱昂纳多·迪卡普里奥 Le...,美国 英国,剧情 科幻 悬疑 冒险,诺兰给了我们一场无法盗取的梦。
10,楚门的世界,9.4,1974134人,彼得·威尔 Peter Weir,金·凯瑞 Jim Carrey,美国,剧情 科幻,如果再也不能见到你，祝你早安，午安，晚安。
11,辛德勒的名单,9.5,1228707人,史蒂文·斯皮尔伯格 Steven Spielberg,连姆·尼森 Liam Neeson...,美国,剧情 历史 战争,拯救一个人，就是拯救整个世界。
12,忠犬八公的故事,9.4,1520582人,莱塞·霍尔斯道姆 Lasse Hallström,理查·基尔 Richard Ger...,美国 英国,剧情,永远都不能忘记你所爱的人。
13,海上钢琴师,9.3,1850569人,朱塞佩·托纳多雷 Giuseppe Tornatore,蒂姆·罗斯 Tim Roth,意大利,剧情 音乐,每个人都要走一条自己坚定了的路，就算是粉身碎骨。
14,疯狂动物城,9.2,2220413人,拜伦·霍华德 Byron Howard / 瑞奇·摩尔 Rich Moore,金妮弗·...,美国,喜剧 动画 冒险,迪士尼给我们营造的乌托邦就是这样，永远善良勇敢，永远出乎意料。
15,三傻大闹宝莱坞,9.2,2044255人,拉库马·希拉尼 Rajkumar Hirani,阿米尔·汗 Aamir Khan,印度,剧情 喜剧 爱情 歌舞,英俊版憨豆，高情商版谢耳朵。
16,机器人总动员,9.3,1461333人,安德鲁·斯坦顿 Andrew Stanton,本·贝尔特 Ben Burtt,美国,科幻 动画 冒险,小瓦力，大人生。
17,放牛班的春天,9.3,1449450人,克里斯托夫·巴拉蒂 Christophe Barratier,让-巴蒂斯特·莫尼...,法国 瑞士 德国,剧情 音乐,天籁一般的童声，是最接近上帝的存在。
18,无间道,9.3,1535031人,刘伟强 / 麦兆辉,刘德华 Andy Lau,中国香港,剧情 犯罪 惊悚,香港电影史上永不过时的杰作。
19,控方证人,9.6,689091人,比利·怀尔德 Billy Wilder,泰隆·鲍华 Tyrone Power,美国,剧情 犯罪 悬疑 惊悚,比利·怀德满分作品。
20,大话西游之大圣娶亲,9.2,1683439人,刘镇伟 Jeffrey Lau,周星驰 Stephen Chow,中国香港 中国大陆,喜剧 爱情 奇幻 古装,一生所爱。
21,熔炉,9.3,1021530人,黄东赫 Dong-hyuk Hwang,孔侑 Yoo Gong,韩国,剧情,我们一路奋战不是为了改变世界，而是为了不让世界改变我们。
22,触不可及,9.3,1270032人,奥利维·那卡什 Olivier Nakache / 艾力克·托兰达 Eric Toledano 主...,未知,法国,剧情 喜剧,满满温情的高雅喜剧。
23,寻梦环游记,9.1,1934872人,李·昂克里奇 Lee Unkrich / 阿德里安·莫利纳 Adrian Molina,...,美国,喜剧 动画 奇幻 音乐,死亡不是真的逝去，遗忘才是永恒的消亡。
24,教父,9.3,1084838人,弗朗西斯·福特·科波拉 Francis Ford Coppola,马龙·白兰度 M...,美国,剧情 犯罪,千万不要记恨你的对手，这样会让你失去理智。
25,当幸福来敲门,9.1,1662202人,加布里尔·穆奇诺 Gabriele Muccino,威尔·史密斯 Will Smith ...,美国,剧情 传记 家庭,平民励志片。
26,末代皇帝,9.3,1008712人,贝纳尔多·贝托鲁奇 Bernardo Bertolucci,尊龙 John Lone,英国 意大利 中国大陆 法国,剧情 传记 历史,“不要跟我比惨，我比你更惨”再适合这部电影不过了。
27,哈利·波特与魔法石,9.2,1390818人,Chris Columbus,Daniel Radcliffe,美国 英国,奇幻 冒险,童话世界的开端。
28,龙猫,9.2,1389898人,宫崎骏 Hayao Miyazaki,日高法子 Noriko Hidaka,日本,动画 奇幻 冒险,人人心中都有个龙猫，童年就永远不会消失。
29,活着,9.3,952303人,张艺谋 Yimou Zhang,葛优 You Ge,中国大陆 中国香港,剧情 历史 家庭,张艺谋最好的电影。
30,怦然心动,9.1,2018536人,罗伯·莱纳 Rob Reiner,玛德琳·卡罗尔 Madeline Carroll,美国,剧情 喜剧 爱情,真正的幸福是来自内心深处。
31,蝙蝠侠：黑暗骑士,9.2,1174153人,克里斯托弗·诺兰 Christopher Nolan,克里斯蒂安·贝尔 Christ...,美国 英国,剧情 动作 科幻 犯罪 惊悚,无尽的黑暗。
32,指环王3：王者无敌,9.3,894355人,彼得·杰克逊 Peter Jackson,伊利亚·伍德 Elijah Wood,美国 新西兰,剧情 动作 奇幻 冒险,史诗的终章。
33,我不是药神,9.0,2317338人,文牧野 Muye Wen,徐峥 Zheng Xu,中国大陆,剧情 喜剧,对我们国家而言，这样的电影多一部是一部。
34,乱世佳人,9.3,778125人,维克多·弗莱明 Victor Fleming / 乔治·库克 George Cukor,费...,美国,剧情 历史 爱情 战争,Tomorrow is another day.
35,飞屋环游记,9.1,1471891人,彼特·道格特 Pete Docter / 鲍勃·彼德森 Bob Peterson,爱德...,美国,剧情 喜剧 动画 冒险,最后那些最无聊的事情，才是最值得怀念的。
36,让子弹飞,9.0,1890179人,姜文 Wen Jiang,姜文 Wen Jiang,中国大陆 中国香港,剧情 喜剧 动作 西部,你给我翻译翻译，神马叫做TMD的惊喜。
37,哈尔的移动城堡,9.1,1262337人,宫崎骏 Hayao Miyazaki,倍赏千惠子 Chieko Baishô,日本,爱情 动画 奇幻 冒险,带着心爱的人在天空飞翔。
38,十二怒汉,9.4,565705人,西德尼·吕美特 Sidney Lumet,亨利·方达 Henry Fonda,美国,剧情,1957年的理想主义。
39,素媛,9.3,763951人,李濬益 Jun-ik Lee,薛景求 Kyung-gu Sol,韩国,剧情,受过伤害的人总是笑得最开心，因为他们不愿意让身边的人承受一样的痛苦。
40,海蒂和爷爷,9.3,755944人,阿兰·葛斯彭纳 Alain Gsponer,阿努克·斯特芬 Anuk Steffen,德国 瑞士,剧情 冒险 家庭,如果生活中有什么使你感到快乐，那就去做吧！不要管别人说什么。
41,猫鼠游戏,9.1,1183427人,史蒂文·斯皮尔伯格 Steven Spielberg,莱昂纳多·迪卡普里奥 L...,美国 加拿大,传记 犯罪 剧情,骗子大师和执著警探的你追我跑故事。
42,天空之城,9.2,992403人,宫崎骏 Hayao Miyazaki,田中真弓 Mayumi Tanaka,日本,动画 奇幻 冒险,对天空的追逐，永不停止。
43,鬼子来了,9.3,703120人,姜文 Wen Jiang,姜文 Wen Jiang,中国大陆,剧情 喜剧,对敌人的仁慈，就是对自己残忍。
44,摔跤吧！爸爸,9.0,1719140人,涅提·蒂瓦里 Nitesh Tiwari,阿米尔·汗 Aamir Khan,印度,剧情 传记 运动 家庭,你不是在为你一个人战斗，你要让千千万万的女性看到女生并不是只能相夫教子。
45,少年派的奇幻漂流,9.1,1469707人,李安 Ang Lee,苏拉·沙玛 Suraj Sharma,美国 中国台湾 英国 加拿大,剧情 奇幻 冒险,瑰丽壮观、无人能及的冒险之旅。
46,钢琴家,9.3,735372人,罗曼·波兰斯基 Roman Polanski,艾德里安·布洛迪 Adrien Brod...,英国 法国 波兰 德国 美国,剧情 传记 战争 音乐,
47,指环王2：双塔奇兵,9.2,841825人,彼得·杰克逊 Peter Jackson,伊利亚·伍德 Elijah Wood,美国 新西兰,剧情 动作 奇幻 冒险,承前启后的史诗篇章。
48,死亡诗社,9.2,858443人,彼得·威尔 Peter Weir,罗宾·威廉姆斯 Robin Williams,美国,剧情,当一个死水般的体制内出现一个活跃的变数时，所有的腐臭都站在了光明的对面。
49,大话西游之月光宝盒,9.0,1343601人,刘镇伟 Jeffrey Lau,周星驰 Stephen Chow,中国香港 中国大陆,喜剧 爱情 奇幻 古装,
50,何以为家,9.1,1147843人,娜丁·拉巴基 Nadine Labaki,扎因·拉费阿 Zain al-Rafeea,黎巴嫩 美国 法国 塞浦路斯 卡塔尔 英国,剧情,凝视卑弱生命，用电影改变命运。
51,闻香识女人,9.1,1004650人,马丁·布莱斯 Martin Brest,阿尔·帕西诺 Al Pacino,美国,剧情,
52,绿皮书,8.9,1858531人,彼得·法雷里 Peter Farrelly,维果·莫腾森 Viggo Mortensen,美国 中国大陆,剧情 喜剧 传记 音乐,去除成见，需要勇气。
53,大闹天宫,9.4,499705人,万籁鸣 Laiming Wan,邱岳峰 Yuefeng Qiu,(中国大陆),1964(中国大陆) 1978(中国大陆) 中国大陆 剧情 动画 奇幻 古装,
54,黑客帝国,9.1,933200人,安迪·沃卓斯基 Andy Wachowski / 拉娜·沃卓斯基 Lana Wachowski 主...,未知,美国,动作 科幻,
55,指环王1：护戒使者,9.1,943103人,彼得·杰克逊 Peter Jackson,伊利亚·伍德 Elijah Wood,新西兰 美国,剧情 动作 奇幻 冒险,
56,罗马假日,9.1,1033624人,威廉·惠勒 William Wyler,奥黛丽·赫本 Audrey Hepburn,美国,喜剧 剧情 爱情,
57,教父2,9.3,626067人,弗朗西斯·福特·科波拉 Francis Ford Coppola,阿尔·帕西诺 A...,美国,剧情 犯罪,
58,狮子王,9.1,944014人,Roger Allers / 罗伯·明可夫 Rob Minkoff,乔纳森·泰勒·托马...,美国,动画 冒险 歌舞,
59,天堂电影院,9.2,731479人,朱塞佩·托纳多雷 Giuseppe Tornatore,菲利普·努瓦雷 Philipp...,意大利 法国,剧情 爱情,
60,饮食男女,9.2,709149人,李安 Ang Lee,郎雄 Sihung Lung,中国台湾 美国,剧情 家庭,
61,辩护人,9.2,649664人,杨宇硕 Woo-seok Yang,宋康昊 Kang-ho Song,韩国,剧情,电影的现实意义大过电影本身。
62,本杰明·巴顿奇事,9.0,1088359人,大卫·芬奇 David Fincher,凯特·布兰切特 Cate Blanchett,美国,剧情 爱情 奇幻,在时间之河里感受溺水之苦。
63,搏击俱乐部,9.0,954090人,大卫·芬奇 David Fincher,爱德华·诺顿 Edward Norton,美国,剧情 动作 悬疑 惊悚,
64,美丽心灵,9.1,842890人,朗·霍华德 Ron Howard,罗素·克劳 Russell Crowe,美国,传记 剧情,
65,穿条纹睡衣的男孩,9.2,631742人,马克·赫尔曼 Mark Herman,阿萨·巴特菲尔德 Asa Butterfield ...,英国 美国,剧情 战争,尽管有些不切实际的幻想，这部电影依旧是一部感人肺腑的佳作。
66,情书,8.9,1299100人,岩井俊二 Shunji Iwai,中山美穗 Miho Nakayama,日本,剧情 爱情,
67,哈利·波特与死亡圣器(下),9.0,953221人,大卫·叶茨 David Yates,丹尼尔·雷德克里夫 Daniel Radcliffe...,美国 英国,奇幻 冒险,10年的完美句点。
68,两杆大烟枪,9.1,665325人,盖·里奇 Guy Ritchie,杰森·弗莱明 Jason Flemyng,英国,剧情 喜剧 犯罪,
69,窃听风暴,9.2,623359人,弗洛里安·亨克尔·冯·多纳斯马尔克 Florian Henckel von Donnersmarck &n...,未知,德国,剧情 悬疑,别样人生。
70,音乐之声,9.1,673078人,罗伯特·怀斯 Robert Wise,朱莉·安德鲁斯 Julie Andrews,美国,剧情 传记 爱情 歌舞,
71,功夫,8.9,1308899人,周星驰 Stephen Chow,周星驰 Stephen Chow,中国大陆 中国香港,动作 喜剧 犯罪 奇幻,警恶惩奸，维护世界和平这个任务就交给你了，好吗？
72,西西里的美丽传说,8.9,1078850人,朱塞佩·托纳多雷 Giuseppe Tornatore,莫妮卡·贝鲁奇 Monica ...,意大利 美国,剧情 战争 情色,
73,哈利·波特与阿兹卡班的囚徒,9.0,872534人,阿方索·卡隆 Alfonso Cuarón,丹尼尔·雷德克里夫 Daniel Rad...,英国 美国,奇幻 冒险,不一样的导演，不一样的哈利·波特。
74,阿凡达,8.8,1550988人,詹姆斯·卡梅隆 James Cameron,萨姆·沃辛顿 Sam Worthington ...,美国,动作 科幻 冒险,绝对意义上的美轮美奂。
75,看不见的客人,8.8,1418126人,奥里奥尔·保罗 Oriol Paulo,马里奥·卡萨斯 Mario Casas,西班牙,剧情 犯罪 悬疑 惊悚,你以为你以为的就是你以为的。
76,拯救大兵瑞恩,9.1,714174人,史蒂文·斯皮尔伯格 Steven Spielberg,汤姆·汉克斯 Tom Hanks...,美国,剧情 战争,
77,沉默的羔羊,8.9,998701人,乔纳森·戴米 Jonathan Demme,朱迪·福斯特 Jodie Foster,美国,剧情 犯罪 惊悚,
78,小鞋子,9.2,455924人,马基德·马基迪 Majid Majidi,默罕默德·阿米尔·纳吉 Mohamma...,伊朗,剧情 儿童 家庭,
79,飞越疯人院,9.1,595333人,米洛斯·福尔曼 Miloš Forman,杰克·尼科尔森 Jack Nichols...,美国,剧情,
80,布达佩斯大饭店,8.9,1065914人,韦斯·安德森 Wes Anderson,拉尔夫·费因斯 Ralph Fiennes,美国 德国 英国,剧情 喜剧 冒险,小清新的故事里注入了大历史的情怀。
81,蝴蝶效应,8.9,1050484人,埃里克·布雷斯 Eric Bress / J·麦基·格鲁伯 J. Mackye Gruber 主...,未知,美国 加拿大,剧情 悬疑 科幻 惊悚,人的命运被自己瞬间的抉择改变。
82,禁闭岛,8.9,1094972人,Martin Scorsese,莱昂纳多·迪卡普里奥 Leonardo DiCaprio,美国,剧情 悬疑 惊悚,昔日翩翩少年，今日大腹便便。
83,心灵捕手,9.0,802578人,格斯·范·桑特 Gus Van Sant,马特·达蒙 Matt Damon,美国,剧情,
84,致命魔术,8.9,950314人,克里斯托弗·诺兰 Christopher Nolan,休·杰克曼 Hugh Jackman...,英国 美国,剧情 悬疑 惊悚,孪生蝙蝠侠大战克隆金刚狼。
85,低俗小说,8.9,942460人,昆汀·塔伦蒂诺 Quentin Tarantino,约翰·特拉沃尔塔 John Tra...,美国,剧情 喜剧 犯罪,
86,超脱,9.0,708697人,托尼·凯耶 Tony Kaye,艾德里安·布洛迪 Adrien Brody,美国,剧情,穷尽一生，我们要学会的，不过是彼此拥抱。
87,哈利·波特与密室,8.9,897863人,Chris Columbus,丹尼尔·雷德克里夫 Daniel Radcliffe,英国 美国,奇幻 冒险,
88,还有明天,9.3,333687人,宝拉·柯特莱西 Paola Cortellesi,宝拉·柯特莱西 Paola Corte...,意大利,剧情 喜剧 历史,
89,喜剧之王,8.8,1077814人,周星驰 Stephen Chow / 李力持 Lik-Chi Lee,周星驰 Stephen Ch...,中国香港,喜剧 剧情 爱情,
90,摩登时代,9.3,340521人,查理·卓别林 Charles Chaplin,查理·卓别林 Charles Chaplin ...,美国,剧情 喜剧 爱情,
91,一一,9.1,489498人,杨德昌 Edward Yang,吴念真,中国台湾 日本,剧情 爱情 家庭,
92,杀人回忆,8.9,821546人,奉俊昊 Joon-ho Bong,宋康昊 Kang-ho Song,韩国,剧情 动作 犯罪 悬疑 惊悚,
93,致命ID,8.9,931433人,詹姆斯·曼高德 James Mangold,约翰·库萨克 John Cusack,美国,剧情 悬疑 惊悚,
94,春光乍泄,9.0,700701人,王家卫 Kar Wai Wong,张国荣 Leslie Cheung,中国香港 日本 韩国,剧情 爱情 同性,
95,海豚湾,9.3,379079人,路易·西霍尤斯 Louie Psihoyos,路易·西霍尤斯 Louie Psihoyo...,美国,纪录片,海豚的微笑，是世界上最高明的伪装。
96,加勒比海盗,8.8,953698人,戈尔·维宾斯基 Gore Verbinski,约翰尼·德普 Johnny Depp,美国,动作 冒险 奇幻,
97,美国往事,9.1,463449人,赛尔乔·莱翁内 Sergio Leone,罗伯特·德尼罗 Robert De Niro ...,美国 意大利,犯罪 剧情,
98,红辣椒,9.0,556602人,今敏 Satoshi Kon,林原惠美 Megumi Hayashibara,日本,动画 悬疑 科幻 惊悚,梦的勾结。
99,七宗罪,8.8,1045246人,大卫·芬奇 David Fincher,摩根·弗里曼 Morgan Freeman,美国,剧情 犯罪 悬疑 惊悚,
100,唐伯虎点秋香,8.8,1205916人,李力持 Lik-Chi Lee,周星驰 Stephen Chow,中国香港,喜剧 爱情 古装,
101,狩猎,9.1,459878人,托马斯·温特伯格 Thomas Vinterberg,麦斯·米科尔森 Mads Mik...,丹麦 瑞典,剧情,人言可畏。
102,幽灵公主,8.9,658063人,宫崎骏 Hayao Miyazaki,松田洋治 Yôji Matsuda,日本,动画 奇幻 冒险,
103,甜蜜蜜,8.9,659460人,陈可辛 Peter Chan,黎明 Leon Lai,中国香港,剧情 爱情,
104,蝙蝠侠：黑暗骑士崛起,8.9,802431人,克里斯托弗·诺兰 Christopher Nolan,克里斯蒂安·贝尔 Christ...,美国 英国,剧情 动作 科幻 犯罪 惊悚,诺兰就是保证。
105,寄生虫,8.8,1525802人,奉俊昊 Joon-ho Bong,宋康昊 Kang-ho Song,韩国,剧情,
106,天书奇谭,9.2,326178人,王树忱 Shuchen Wang / 钱运达 Yunda Qian,丁建华 Jianhua Din...,(中国大陆),2021 中国大陆 动画 奇幻,
107,7号房的礼物,8.9,614325人,李焕庆 Hwan-kyeong Lee,柳承龙 Seung-yong Ryoo,韩国,剧情 喜剧 家庭,《我是山姆》的《美丽人生》。
108,超能陆战队,8.8,1128114人,唐·霍尔 Don Hall / 克里斯·威廉姆斯 Chris Williams,斯科特...,美国,喜剧 动作 科幻 动画 冒险,Balalala~~~
109,爱在黎明破晓前,8.8,784925人,理查德·林克莱特 Richard Linklater,伊桑·霍克 Ethan Hawke ...,美国 奥地利 瑞士,剧情 爱情,
110,第六感,8.9,626909人,M·奈特·沙马兰 M. Night Shyamalan,布鲁斯·威利斯 Bruce Wi...,美国,剧情 悬疑 惊悚,
111,爱在日落黄昏时,8.9,641859人,理查德·林克莱特 Richard Linklater,伊桑·霍克 Ethan Hawke ...,美国 法国,剧情 爱情,九年后的重逢是世俗和责任的交叠，没了悸动和青涩，沧桑而温暖。
112,被嫌弃的松子的一生,8.8,764046人,中岛哲也 Tetsuya Nakashima,中谷美纪 Miki Nakatani,日本,剧情 歌舞,以戏谑来戏谑戏谑。
113,重庆森林,8.8,910383人,王家卫 Kar Wai Wong,林青霞 Brigitte Lin,中国香港,剧情 爱情,
114,茶馆,9.6,200656人,谢添 Tian Xie,于是之 Shizhi Yu,(中国大陆),中国大陆 剧情 历史,
115,未麻的部屋,9.1,415554人,今敏 Satoshi Kon,岩男润子 Junko Iwao,日本,剧情 犯罪 动画 悬疑 惊悚,
116,哈利·波特与火焰杯,8.8,785700人,迈克·内威尔 Mike Newell,丹尼尔·雷德克里夫 Daniel Radclif...,英国 美国,悬疑 奇幻 冒险,
117,入殓师,8.9,736070人,泷田洋二郎 Yôjirô Takita,本木雅弘 Masahiro Motoki,日本,剧情,死可能是一道门，逝去并不是终结，而是超越，走向下一程。
118,借东西的小人阿莉埃蒂,8.9,618844人,米林宏昌 Hiromasa Yonebayashi,志田未来 Mirai Shida,日本,动画 奇幻 冒险,曾经的那段美好会沉淀为一辈子的记忆。
119,头脑特工队,8.8,785632人,彼特·道格特 Pete Docter / 罗纳尔多·德尔·卡门 Ronaldo Del Carmen &nb...,未知,美国,喜剧 动画 冒险,愿我们都不用长大，每一座城堡都能永远存在。
120,菊次郎的夏天,8.9,665468人,北野武 Takeshi Kitano,北野武 Takeshi Kitano,日本,剧情 喜剧,
121,剪刀手爱德华,8.7,1110216人,蒂姆·波顿 Tim Burton,约翰尼·德普 Johnny Depp,美国,剧情 爱情 奇幻,
122,断背山,8.8,771728人,李安 Ang Lee,希斯·莱杰 Heath Ledger,美国 加拿大,剧情 爱情 同性 家庭,每个人心中都有一座断背山。
123,勇敢的心,8.9,599978人,梅尔·吉布森 Mel Gibson,梅尔·吉布森 Mel Gibson,美国,动作 传记 剧情 历史 战争,
124,时空恋旅人,8.8,777095人,理查德·柯蒂斯 Richard Curtis,多姆纳尔·格里森 Domhnall Gl...,英国 美国,喜剧 爱情 奇幻,把每天当作最后一天般珍惜度过，积极拥抱生活，就是幸福。
125,消失的爱人,8.7,1059104人,大卫·芬奇 David Fincher,本·阿弗莱克 Ben Affleck,美国,剧情 犯罪 悬疑 惊悚,年度最佳date movie。
126,无人知晓,9.1,366930人,是枝裕和 Hirokazu Koreeda,柳乐优弥 Yûya Yagira,日本,剧情,我的平常生活就是他人的幸福。
127,倩女幽魂,8.8,826149人,程小东 Siu-Tung Ching,张国荣 Leslie Cheung,中国香港,爱情 奇幻 武侠 古装,
128,驯龙高手,8.8,850625人,迪恩·德布洛斯 Dean DeBlois / 克里斯·桑德斯 Chris Sanders,...,美国,动画 奇幻 冒险,和谐的生活离不开摸头与被摸头。
129,花样年华,8.8,789017人,王家卫 Kar Wai Wong,张曼玉 Maggie Cheung,中国香港,剧情 爱情,
130,傲慢与偏见,8.7,913459人,乔·怀特 Joe Wright,凯拉·奈特莉 Keira Knightley,法国 英国 美国,剧情 爱情,爱是摈弃傲慢与偏见之后的曙光。
131,完美的世界,9.1,355566人,克林特·伊斯特伍德 Clint Eastwood,凯文·科斯特纳 Kevin Cos...,美国,剧情 犯罪,
132,新世界,8.9,516874人,朴勋政 Hoon-jung Park,李政宰 Jung-Jae Lee,韩国,剧情 犯罪,要做就做得狠一点，这样才能活下去。
133,阳光灿烂的日子,8.8,686237人,姜文 Wen Jiang,夏雨 Yu Xia,中国大陆 中国香港,剧情 爱情,
134,小森林 夏秋篇,9.0,467927人,森淳一 Junichi Mori,桥本爱 Ai Hashimoto,日本,剧情,那些静得只能听见呼吸的日子里，你明白孤独即生活。
135,一个叫欧维的男人决定去死,8.9,558160人,汉内斯·赫尔姆 Hannes Holm,罗夫·拉斯加德 Rolf Lassgård...,瑞典,剧情,惠及一生的美丽。
136,天使爱美丽,8.7,1012939人,让-皮埃尔·热内 Jean-Pierre Jeunet,奥黛丽·塔图 Audrey Tau...,法国 德国,剧情 喜剧 爱情,
137,玩具总动员3,8.9,582203人,李·昂克里奇 Lee Unkrich,汤姆·汉克斯 Tom Hanks,美国,喜剧 动画 奇幻 冒险,跨度十五年的欢乐与泪水。
138,怪兽电力公司,8.8,758229人,彼特·道格特 Pete Docter / 大卫·斯沃曼 David Silverman,约...,美国,儿童 喜剧 动画 奇幻 冒险,
139,色，戒,8.7,944383人,李安 Ang Lee,梁朝伟 Tony Leung Chiu Wai,中国台湾 中国大陆 美国 中国香港,剧情 爱情 情色,假戏真情，爱欲深海
140,侧耳倾听,8.9,514331人,近藤喜文 Yoshifumi Kondo,本名阳子 Youko Honna,日本,剧情 爱情 动画,
141,教父3,9.0,424614人,弗朗西斯·福特·科波拉 Francis Ford Coppola,阿尔·帕西诺 A...,美国,剧情 犯罪,
142,请以你的名字呼唤我,8.8,812245人,卢卡·瓜达尼诺 Luca Guadagnino,艾米·汉莫 Armie Hammer,意大利 法国 巴西 美国,剧情 爱情 同性,沉醉在电影的情感和视听氛围中无法自拔。
143,哪吒闹海,9.2,303432人,王树忱 Shuchen Wang / 严定宪 Dingxian Yan,梁正晖 Zhenghui ...,中国大陆,冒险 动画 奇幻,
144,幸福终点站,8.8,632823人,史蒂文·斯皮尔伯格 Steven Spielberg,汤姆·汉克斯 Tom Hanks...,美国,喜剧 剧情 爱情,有时候幸福需要等一等。
145,九品芝麻官,8.8,780976人,王晶 Jing Wong,周星驰 Stephen Chow,中国香港,剧情 喜剧 古装,
146,被解救的姜戈,8.8,681413人,昆汀·塔伦蒂诺 Quentin Tarantino,杰米·福克斯 Jamie Foxx,美国,剧情 动作 西部 冒险,热血沸腾，那个低俗、性感的无耻混蛋又来了。
147,釜山行,8.6,1333141人,延尚昊 Sang-ho Yeon,孔刘 Yoo Gong,韩国,动作 惊悚 灾难,揭露人性的丧尸题材力作。
148,小森林 冬春篇,9.0,415471人,森淳一 Junichi Mori,桥本爱 Ai Hashimoto,日本,剧情,尊敬他人，尊敬你生活的这片土地，明白孤独是人生的常态。
149,神偷奶爸,8.7,1034967人,皮艾尔·柯芬 Pierre Coffin / 克里斯·雷纳德 Chris Renaud,...,美国 法国,喜剧 动画 冒险,Mr. I Don't Care其实也有Care的时候。
150,萤火之森,8.8,601838人,大森贵弘 Takahiro Omori,佐仓绫音 Ayane Sakura,日本,剧情 爱情 动画 奇幻,触不到的恋人。
151,喜宴,9.0,422898人,李安 Ang Lee,赵文瑄 Winston Chao,中国台湾 美国,剧情 喜剧 爱情 同性 家庭,
152,告白,8.8,734625人,中岛哲也 Tetsuya Nakashima,松隆子 Takako Matsu,日本,剧情 悬疑,没有一人完全善，也没有一人完全恶。
153,玛丽和麦克斯,9.0,464557人,亚当·艾略特 Adam Elliot,托妮·科莱特 Toni Collette,澳大利亚 美国,剧情 喜剧 动画,你是我最好的朋友，你是我唯一的朋友 。
154,七武士,9.3,230840人,黑泽明 Akira Kurosawa,三船敏郎 Toshirô Mifune,日本,动作 冒险 剧情,
155,头号玩家,8.6,1498053人,史蒂文·斯皮尔伯格 Steven Spielberg,泰伊·谢里丹 Tye Sheri...,美国,动作 科幻 冒险,写给影迷，动漫迷和游戏迷的一封情书。
156,模仿游戏,8.8,712740人,莫滕·泰杜姆 Morten Tyldum,本尼迪克特·康伯巴奇 Benedict C...,英国 美国,剧情 传记 战争 同性,他给机器起名“克里斯托弗”，因为这是他初恋的名字。
157,大鱼,8.8,619978人,蒂姆·波顿 Tim Burton,伊万·麦克格雷格 Ewan McGregor,美国,剧情 爱情 奇幻 冒险,
158,惊魂记,9.0,348973人,阿尔弗雷德·希区柯克 Alfred Hitchcock,安东尼·博金斯 Antho...,美国,悬疑 惊悚 恐怖,
159,射雕英雄传之东成西就,8.7,709788人,刘镇伟 Jeffrey Lau,梁朝伟 Tony Leung Chiu Wai,中国香港,喜剧 奇幻 武侠 古装,
160,血战钢锯岭,8.7,850766人,梅尔·吉布森 Mel Gibson,安德鲁·加菲尔德 Andrew Garfield,澳大利亚 美国,剧情 传记 历史 战争,优秀的战争片不会美化战场，不会粉饰死亡，不会矮化敌人，不会无视常识，最重要的，不会宣扬战争。
161,你的名字。,8.5,1573167人,新海诚 Makoto Shinkai,神木隆之介 Ryûnosuke Kamiki,日本,剧情 爱情 动画,穿越错位的时空，仰望陨落的星辰，你没留下你的名字，我却无法忘记那句“我爱你”。
162,我是山姆,9.0,371506人,杰茜·尼尔森 Jessie Nelson,Sean Penn,美国,剧情 家庭,
163,阳光姐妹淘,8.8,632278人,姜炯哲 Hyeong-Cheol Kang,沈恩京 Eun-kyung Shim,韩国,剧情 喜剧,再多各自牛逼的时光，也比不上一起傻逼的岁月。
164,背靠背，脸对脸,9.5,174379人,黄建新 Jianxin Huang / 杨亚洲 Yazhou Yang,牛振华 Zhenhua N...,中国大陆 中国香港,剧情,
165,心灵奇旅,8.7,1121346人,彼特·道格特 Pete Docter / 凯普·鲍尔斯 Kemp Powers,杰米·...,美国,动画 奇幻 音乐,
166,恐怖直播,8.7,719946人,金秉祐 Byeong-woo Kim,河正宇 Jung-woo Ha,韩国,剧情 犯罪 悬疑,恐怖分子的“秋菊打官司”。
167,黑客帝国3：矩阵革命,8.8,491442人,拉娜·沃卓斯基 Lana Wachowski / 莉莉·沃卓斯基 Lilly Wachowski ...,未知,美国,动作 科幻,
168,电锯惊魂,8.7,603659人,詹姆斯·温 James Wan,雷·沃纳尔 Leigh Whannell,美国,悬疑 惊悚 恐怖,真相就在眼前。
169,三块广告牌,8.7,909389人,马丁·麦克唐纳 Martin McDonagh,弗兰西斯·麦克多蒙德 France...,英国 美国,剧情 犯罪,怼天怼地，你走后，她与世界为敌。
170,小丑,8.7,1114528人,托德·菲利普斯 Todd Phillips,杰昆·菲尼克斯 Joaquin Phoeni...,美国 加拿大,剧情 犯罪 惊悚,
171,谍影重重3,8.9,464502人,保罗·格林格拉斯 Paul Greengrass,马特·达蒙 Matt Damon,美国 德国 法国 英国,动作 悬疑 惊悚,像吃了苏打饼一样干脆的电影。
172,达拉斯买家俱乐部,8.8,500107人,让-马克·瓦雷 Jean-Marc Vallée,马修·麦康纳 Matthew McCon...,美国,剧情 传记 同性,Jared Leto的腿比女人还美！
173,疯狂原始人,8.7,911099人,科克·德·米科 Kirk De Micco / 克里斯·桑德斯 Chris Sanders 主演...,未知,美国,喜剧 动画 冒险,老少皆宜，这就是好莱坞动画的魅力。
174,无间道2,8.8,557742人,刘伟强 Andrew Lau / 麦兆辉 Alan Mak,陈冠希 Edison Chen,中国香港,剧情 犯罪 惊悚,
175,末路狂花,9.0,335847人,雷德利·斯科特 Ridley Scott,吉娜·戴维斯 Geena Davis,美国 英国 法国,犯罪 剧情 惊悚,
176,绿里奇迹,8.9,382407人,弗兰克·德拉邦特 Frank Darabont,汤姆·汉克斯 Tom Hanks,美国,犯罪 剧情 奇幻 悬疑,
177,爱在午夜降临前,8.9,465052人,理查德·林克莱特 Richard Linklater,伊桑·霍克 Ethan Hawke ...,美国 希腊,剧情 爱情,所谓爱情，就是话唠一路，都不会心生腻烦，彼此嫌弃。
178,海街日记,8.8,513479人,是枝裕和 Hirokazu Koreeda,绫濑遥 Haruka Ayase,日本,剧情 家庭,是枝裕和的家庭习作。
179,高山下的花环,9.5,151002人,谢晋 Jin Xie,吕晓禾 Xiaohe Lü,(中国大陆),1985 中国大陆 剧情 战争,
180,疯狂的石头,8.6,914297人,宁浩 Hao Ning,郭涛 Tao Guo,中国大陆 中国香港,喜剧 犯罪,中国版《两杆大烟枪》。
181,风之谷,8.9,389803人,宫崎骏 Hayao Miyazaki,岛本须美 Sumi Shimamoto,日本,动画 奇幻 冒险,
182,上帝之城,9.0,329845人,费尔南多·梅里尔斯 Fernando Meirelles / 卡迪亚·兰德 Kátia Lund &nbsp...,未知,巴西 法国,犯罪 剧情,
183,雨中曲,9.1,263152人,斯坦利·多南 Stanley Donen / 吉恩·凯利 Gene Kelly,吉恩·...,美国,喜剧 歌舞 爱情,
184,2001太空漫游,8.9,386597人,斯坦利·库布里克 Stanley Kubrick,凯尔·杜拉 Keir Dullea,英国 美国,科幻 惊悚 冒险,
185,英雄本色,8.6,599322人,吴宇森 John Woo,周润发 Yun-Fat Chow,中国香港,剧情 动作 犯罪,
186,心迷宫,8.7,606617人,忻钰坤 Yukun Xin,霍卫民 Weimin Huo,中国大陆,剧情 犯罪 悬疑,荒诞讽刺，千奇百巧，抽丝剥茧，百转千回。
187,记忆碎片,8.7,661523人,克里斯托弗·诺兰 Christopher Nolan,盖·皮尔斯 Guy Pearce,美国,犯罪 剧情 悬疑 惊悚,
188,纵横四海,8.8,468860人,吴宇森 John Woo,周润发 Yun-Fat Chow,中国香港,剧情 喜剧 动作 犯罪,
189,机器人之梦,9.1,395008人,巴勃罗·贝格尔 Pablo Berger,伊万·拉班达 Ivan Labanda,西班牙 法国,剧情 动画 音乐,
190,卢旺达饭店,8.9,363340人,特瑞·乔治 Terry George,唐·钱德尔 Don Cheadle,英国 南非 意大利 美国,剧情 传记 历史 战争,当这个世界闭上双眼，他却敞开了怀抱。
191,无敌破坏王,8.7,604032人,瑞奇·莫尔 Rich Moore,约翰·C·赖利 John C. Reilly,美国,喜剧 动画 奇幻 冒险,迪士尼和皮克斯拿错剧本的产物。
192,小偷家族,8.7,887195人,是枝裕和 Hirokazu Koreeda,中川雅也 Lily Franky,日本,剧情 犯罪 家庭,我们组成了家。
193,恐怖游轮,8.5,975920人,克里斯托弗·史密斯 Christopher Smith,梅利莎·乔治 Melissa ...,英国 澳大利亚,科幻 悬疑 奇幻 惊悚,不要企图在重复中寻找已经失去的爱。
194,冰川时代,8.7,678250人,卡洛斯·沙尔丹哈 Carlos Saldanha / 克里斯·韦奇 Chris Wedge 主演...,未知,美国,喜剧 动画 冒险,
195,牯岭街少年杀人事件,8.9,361177人,杨德昌 Edward Yang,张震 Chen Chang,中国台湾,剧情 犯罪,
196,东京教父,9.0,283358人,今敏 Satoshi Kon,江守彻 Toru Emori,日本,剧情 喜剧 动画,
197,魔女宅急便,8.7,518022人,宫崎骏 Hayao Miyazaki,高山南 Minami Takayama,日本,动画 奇幻 冒险,
198,岁月神偷,8.7,608894人,罗启锐 Alex Law,吴君如 Sandra Ng,中国香港 中国大陆,剧情 家庭,岁月流逝，来日可追。
199,忠犬八公物语,9.2,215926人,神山征二郎 Seijirô Kôyama,仲代达矢 Tatsuya Nakadai,日本,剧情,
200,芙蓉镇,9.3,184694人,谢晋 Jin Xie,刘晓庆 Xiaoqing Liu,中国大陆,剧情 爱情,
201,荒蛮故事,8.7,509614人,达米安·斯兹弗隆 Damián Szifron,达里奥·葛兰帝内提 Darío...,阿根廷 西班牙,剧情 喜剧 犯罪,始于荒诞，止于更荒诞。
202,遗愿清单,8.7,529046人,罗伯·莱纳 Rob Reiner,杰克·尼科尔森 Jack Nicholson,美国,冒险 喜剧 剧情,用剩余不多的时间，去燃烧整个生命。
203,大佛普拉斯,8.7,544743人,黄信尧 Hsin-yao Huang,庄益增 Yizeng Zhuang,中国台湾,剧情 喜剧,人们可以登上月球，却永远无法探索人们内心的宇宙。
204,源代码,8.6,915477人,邓肯·琼斯 Duncan Jones,杰克·吉伦哈尔 Jake Gyllenhaal,美国 加拿大,科幻 悬疑 惊悚,邓肯·琼斯继《月球》之后再度奉献出一部精彩绝伦的科幻佳作。
205,贫民窟的百万富翁,8.6,801074人,丹尼·鲍尔 Danny Boyle / 洛芙琳·坦丹 Loveleen Tandan,戴夫...,英国,剧情 爱情,上帝之城+猜火车+阿甘正传+开心辞典=山寨富翁
206,疯狂的麦克斯4：狂暴之路,8.7,610490人,乔治·米勒 George Miller,汤姆·哈迪 Tom Hardy,澳大利亚 美国,动作 科幻 冒险,“多么美好的一天！”轰轰轰砰咚，啪哒哒哒轰隆隆，磅~
207,你看起来好像很好吃,8.9,370854人,藤森雅也 Masaya Fujimori,山口胜平 Kappei Yamaguchi,日本,剧情 动画 儿童,感情不分食草或者食肉。
208,可可西里,8.9,341391人,陆川 Chuan Lu,多布杰 Duobujie,中国大陆 中国香港,剧情 犯罪,坚硬的信仰。
209,花束般的恋爱,8.6,805500人,土井裕泰 Nobuhiro Doi,菅田将晖 Masaki Suda,日本,剧情 爱情,
210,东邪西毒,8.6,629312人,王家卫 Kar Wai Wong,张国荣 Leslie Cheung,中国香港 中国台湾,剧情 动作 爱情 武侠 古装,
211,城市之光,9.3,169511人,查理·卓别林 Charles Chaplin,查理·卓别林 Charles Chaplin ...,美国,喜剧 剧情 爱情,
212,波西米亚狂想曲,8.6,681085人,布莱恩·辛格 Bryan Singer,拉米·马雷克 Rami Malek,英国 美国,剧情 传记 同性 音乐,
213,爆裂鼓手,8.6,681359人,达米恩·查泽雷 Damien Chazelle,迈尔斯·特勒 Miles Teller,美国,剧情 音乐,这个世界从不善待努力的人，努力了也不一定会成功，但是知道自己在努力，就是活下去的动力。
214,白日梦想家,8.6,629115人,本·斯蒂勒 Ben Stiller,本·斯蒂勒 Ben Stiller,美国 英国,剧情 喜剧 冒险,
215,青蛇,8.6,594515人,徐克 Hark Tsui,张曼玉 Maggie Cheung,中国香港 中国大陆,剧情 爱情 奇幻 古装,
216,爱乐之城,8.4,1078947人,达米恩·查泽雷 Damien Chazelle,瑞恩·高斯林 Ryan Gosling,美国,剧情 爱情 歌舞,
217,哈利·波特与死亡圣器(上),8.6,683759人,大卫·叶茨 David Yates,丹尼尔·雷德克里夫 Daniel Radcliffe...,英国 美国,奇幻 冒险,最忠于原著的一部。
218,黑天鹅,8.6,839348人,达伦·阿罗诺夫斯基 Darren Aronofsky,娜塔莉·波特曼 Natalie...,美国,剧情 惊悚,黑暗之美。
219,终结者2：审判日,8.8,379627人,詹姆斯·卡梅隆 James Cameron,阿诺·施瓦辛格 Arnold Schwarz...,美国 法国,动作 科幻,
220,无耻混蛋,8.7,550979人,昆汀·塔伦蒂诺 Quentin Tarantino,布拉德·皮特 Brad Pitt,德国 美国,剧情 犯罪,昆汀同学越来越变态了，比北野武还杜琪峰。
221,大红灯笼高高挂,8.8,361223人,张艺谋 Yimou Zhang,巩俐 Li Gong,中国大陆 中国香港 中国台湾,剧情,
222,初恋这件小事,8.5,1044040人,普特鹏·普罗萨卡·那·萨克那卡林 Puttipong Promsaka Na Sakolnakorn / 华森·波克彭...,未知,泰国,剧情 喜剧 爱情,黑小鸭速效美白记。
223,新龙门客栈,8.7,501816人,李惠民 Raymond Lee,张曼玉 Maggie Cheung,中国香港 中国大陆,动作 爱情 武侠 古装,
224,人工智能,8.7,495901人,史蒂文·斯皮尔伯格 Steven Spielberg,海利·乔·奥斯蒙 Haley...,美国 英国,剧情 科幻,
225,雨人,8.7,439062人,巴瑞·莱文森 Barry Levinson,达斯汀·霍夫曼 Dustin Hoffman ...,美国,剧情,
226,崖上的波妞,8.6,567529人,宫崎骏 Hayao Miyazaki,奈良柚莉爱 Yuria Nara,日本,动画 奇幻 冒险,
227,虎口脱险,8.9,291189人,杰拉尔·乌里 Gérard Oury,路易·德·菲耐斯 Louis de Funès...,法国 英国,喜剧 战争,
228,千钧一发,8.8,343606人,安德鲁·尼科尔 Andrew Niccol,伊桑·霍克 Ethan Hawke,美国,剧情 科幻 惊悚,
229,真爱至上,8.5,797725人,理查德·柯蒂斯 Richard Curtis,休·格兰特 Hugh Grant,英国 美国 法国,喜剧 剧情 爱情,
230,罗生门,8.8,353358人,黑泽明 Akira Kurosawa,三船敏郎 Toshirô Mifune,日本,剧情 犯罪 悬疑,
231,恋恋笔记本,8.5,739824人,尼克·卡索维茨 Nick Cassavetes,瑞恩·高斯林 Ryan Gosling,美国,剧情 爱情,爱情没有那么多借口，如果不能圆满，只能说明爱的不够。
232,哈利·波特与凤凰社,8.6,683152人,大卫·叶茨 David Yates,丹尼尔·雷德克里夫 Daniel Radcliffe...,英国 美国,奇幻 冒险,
233,彗星来的那一夜,8.6,672694人,詹姆斯·沃德·布柯特 James Ward Byrkit,艾米丽·芭尔多尼 Em...,美国 英国,科幻 悬疑 惊悚,小成本大魅力。
234,海边的曼彻斯特,8.6,640629人,肯尼斯·罗纳根 Kenneth Lonergan,卡西·阿弗莱克 Casey Affle...,美国,剧情 家庭,我们都有权利不与自己的过去和解。
235,火星救援,8.5,820646人,雷德利·斯科特 Ridley Scott,马特·达蒙 Matt Damon,英国 美国 匈牙利 约旦,剧情 科幻 冒险,
236,黑客帝国2：重装上阵,8.7,449791人,拉娜·沃卓斯基 Lana Wachowski / 莉莉·沃卓斯基 Lilly Wachowski ...,未知,美国,动作 科幻,
237,奇迹男孩,8.6,595544人,斯蒂芬·卓博斯基 Stephen Chbosky,雅各布·特伦布莱 Jacob Tr...,美国 中国香港,剧情 儿童 家庭,世界不完美，爱会有奇迹。
238,千年女优,8.8,312974人,今敏 Satoshi Kon,庄司美代子 Miyoko Shôji,日本,动画 剧情 爱情,
239,战争之王,8.7,410255人,安德鲁·尼科尔 Andrew Niccol,尼古拉斯·凯奇 Nicolas Cage,美国 德国,剧情 犯罪,做一颗让别人需要你的棋子。
240,萤火虫之墓,8.7,435581人,高畑勋 Isao Takahata,辰己努,日本,动画 剧情 战争,
241,步履不停,8.8,318208人,是枝裕和 Hirokazu Koreeda,阿部宽 Hiroshi Abe,日本,剧情 家庭,日本的家庭电影已经是世界巅峰了，步履不停是巅峰中的佳作。
242,谍影重重2,8.7,394392人,保罗·格林格拉斯 Paul Greengrass,马特·达蒙 Matt Damon,美国 德国,动作 悬疑 惊悚,谁说王家卫镜头很晃？
243,攻壳机动队,9.0,212432人,押井守 Mamoru Oshii,田中敦子 Atsuko Tanaka,日本,动作 科幻 动画,
244,蜘蛛侠：平行宇宙,8.6,747596人,鲍勃·佩尔西凯蒂 Bob Persichetti / 彼得·拉姆齐 Peter Ramsey 主...,未知,美国,动作 科幻 动画 冒险,
245,血钻,8.7,417421人,爱德华·兹威克 Edward Zwick,莱昂纳多·迪卡普里奥 Leonardo ...,美国 德国 英国,剧情 惊悚 冒险,每个美丽事物背后都是滴血的现实。
246,冰雪奇缘,8.5,809201人,克里斯·巴克 Chris Buck / 珍妮弗·李 Jennifer Lee,克里斯汀...,美国,喜剧 动画 奇幻 歌舞,
247,魂断蓝桥,8.8,307077人,茂文·勒鲁瓦 Mervyn LeRoy,费雯·丽 Vivien Leigh,美国,剧情 爱情 战争,
248,房间,8.7,396696人,伦尼·阿伯拉罕森 Lenny Abrahamson,布丽·拉尔森 Brie Larson...,爱尔兰 加拿大 英国 美国,剧情 家庭,被偷走的岁月，被伤害的生命，被禁锢的灵魂，终将被希望和善意救赎。
249,隐藏人物,8.9,265531人,特奥多尔·梅尔菲 Theodore Melfi,塔拉吉·P·汉森 Taraji P. ...,美国,剧情 传记 历史,
250,谍影重重,8.6,482195人,道格·里曼 Doug Liman,马特·达蒙 Matt Damon,美国 德国 捷克,动作 悬疑 惊悚,
